"timestamp","heartrate"
1484521200000,115
1484521215000,115
1484521220000,114
1484521235000,112
1484521250000,106
1484521255000,108
1484521260000,112
1484521275000,112
1484521280000,113
1484521295000,113
1484521300000,112
1484521305000,111
1484521310000,112
1484521320000,114
1484521325000,115
1484521335000,116
1484521340000,117
1484521350000,114
1484521355000,117
1484521365000,116
1484521370000,115
1484521375000,118
1484521390000,118
1484521395000,117
1484521400000,115
1484521405000,114
1484521410000,113
1484521415000,112
1484521430000,112
1484521435000,116
1484521440000,118
1484521445000,121
1484521450000,120
1484521455000,121
1484521465000,118
1484521470000,117
1484521485000,119
1484521495000,117
1484521500000,118
1484521505000,120
1484521510000,123
1484521515000,122
1484521520000,119
1484521530000,118
1484521545000,118
1484521555000,117
1484521560000,118
1484521575000,118
1484521585000,117
1484521590000,116
1484521595000,115
1484521600000,114
1484521605000,113
1484521615000,112
1484521620000,111
1484521625000,108
1484521630000,104
1484521635000,101
1484521640000,103
1484521650000,101
1484521655000,100
1484521660000,99
1484521665000,98
1484521675000,97
1484521680000,101
1484521685000,102
1484521690000,105
1484521695000,100
1484521700000,94
1484521705000,92
1484521720000,92
1484521730000,91
1484521735000,89
1484521740000,92
1484521745000,94
1484521750000,89
1484521755000,91
1484521760000,92
1484521770000,94
1484521775000,96
1484521780000,97
1484521785000,98
1484521790000,98
1484521800000,102
1484521805000,105
1484521815000,106
1484521830000,106
1484521835000,106
1484521845000,107
1484521860000,108
1484521875000,108
1484521885000,107
1484521900000,109
1484521905000,106
1484521910000,107
1484521915000,111
1484521920000,110
1484521925000,112
1484521930000,113
1484521935000,114
1484521950000,114
1484521960000,113
1484521975000,113
1484521985000,114
1484521990000,116
1484521995000,115
1484522000000,114
1484522005000,113
1484522010000,114
1484522015000,116
1484522025000,113
1484522030000,110
1484522035000,111
1484522040000,112
1484522045000,112
1484522050000,109
1484522065000,109
1484522075000,108
1484522080000,109
1484522085000,108
1484522090000,103
1484522095000,98
1484522105000,102
1484522110000,98
1484522115000,96
1484522130000,95
1484522140000,96
1484522150000,92
1484522155000,88
1484522160000,84
1484522165000,81
1484522175000,82
1484522180000,85
1484522185000,87
1484522190000,89
1484522200000,91
1484522210000,92
1484522215000,93
1484522220000,90
1484522225000,92
1484522230000,90
1484522235000,89
1484522240000,88
1484522245000,85
1484522255000,86
1484522260000,82
1484522265000,80
1484522280000,80
1484522290000,79
1484522295000,79
1484522310000,79
1484522325000,79
1484522340000,79
1484522355000,79
1484522370000,79
1484522385000,79
1484522400000,79
1484522415000,79
1484522430000,80
1484522440000,88
1484522445000,86
1484522460000,86
1484522465000,86
1484522475000,87
1484522480000,88
1484522485000,90
1484522495000,92
1484522500000,92
1484522515000,92
1484522525000,89
1484522530000,89
1484522535000,90
1484522540000,89
1484522555000,91
1484522565000,92
1484522575000,94
1484522580000,90
1484522585000,89
1484522590000,89
1484522595000,88
1484522610000,87
1484522625000,87
1484522640000,85
1484522655000,85
1484522660000,86
1484522675000,86
1484522685000,87
1484522690000,89
1484522695000,92
1484522700000,91
1484522715000,91
1484522720000,90
1484522735000,90
1484522740000,72
1484522750000,72
1484522760000,74
1484522770000,74
1484522780000,73
1484522795000,74
1484522810000,75
1484522820000,79
1484522830000,82
1484522840000,79
1484522845000,78
1484522860000,78
1484522870000,79
1484522880000,83
1484522890000,72
1484522900000,70
1484522905000,70
1484522920000,70
1484522935000,70
1484522950000,70
1484522955000,69
1484522960000,68
1484522965000,69
1484522980000,69
1484522985000,70
1484523000000,70
1484523005000,70
1484523020000,70
1484523035000,70
1484523040000,71
1484523055000,71
1484523060000,70
1484523070000,71
1484523080000,70
1484523085000,69
1484523095000,68
1484523110000,68
1484523120000,70
1484523135000,70
1484523150000,70
1484523165000,70
1484523180000,70
1484523195000,70
1484523240000,70
1484523255000,70
1484546640000,110
1484546645000,107
1484546650000,112
1484546655000,115
1484546670000,118
1484546680000,121
1484546690000,125
1484546705000,125
1484546720000,123
1484546730000,118
1484546740000,115
1484546750000,114
1484546755000,113
1484546770000,114
1484546785000,115
1484546790000,114
1484546805000,114
1484546820000,114
1484546830000,114
1484546845000,114
1484546850000,115
1484546855000,114
1484546865000,115
1484546880000,115
1484546885000,114
1484546900000,114
1484546910000,115
1484546925000,115
1484546940000,115
1484546945000,114
1484546955000,113
1484546970000,113
1484546975000,114
1484546990000,114
1484547000000,113
1484547015000,112
1484547020000,111
1484547035000,111
1484547050000,111
1484547065000,111
1484547070000,110
1484547080000,107
1484547085000,106
1484547090000,108
1484547105000,108
1484547110000,108
1484547125000,108
1484547140000,109
1484547155000,109
1484547160000,108
1484547165000,107
1484547180000,106
1484547190000,104
1484547200000,105
1484547215000,105
1484547220000,105
1484547235000,105
1484547240000,103
1484547250000,102
1484547260000,101
1484547270000,98
1484547280000,96
1484547290000,97
1484547300000,96
1484547310000,94
1484547320000,93
1484547335000,94
1484547350000,95
1484547365000,95
1484547380000,95
1484547395000,95
1484547400000,67
1484547415000,67
1484547430000,67
1484547445000,67
1484547450000,67
1484547455000,67
1484547460000,73
1484547470000,77
1484547475000,76
1484547490000,76
1484547505000,76
1484547510000,70
1484547520000,63
1484547530000,63
1484547540000,64
1484547550000,63
1484547560000,64
1484547575000,64
1484547580000,64
1484547590000,66
1484547595000,67
1484547600000,66
1484547610000,67
1484547625000,67
1484547640000,72
1484547655000,72
1484547670000,72
1484547675000,72
1484547690000,72
1484547705000,72
1484547720000,70
1484547730000,63
1484547745000,63
1484547750000,60
1484547760000,62
1484547770000,63
1484547780000,62
1484547795000,62
1484547800000,61
1484547815000,61
1484547825000,61
1484547830000,62
1484547845000,62
1484547850000,78
1484547860000,77
1484547870000,78
1484547880000,72
1484547890000,73
1484547905000,73
1484547920000,72
1484547935000,72
1484547950000,72
1484547960000,72
1484547975000,72
1484547990000,75
1484548000000,74
1484548010000,71
1484548025000,71
1484548030000,72
1484548040000,72
1484548045000,72
1484548060000,71
1484548075000,71
1484548090000,71
1484548100000,72
1484548110000,73
1484548120000,78
1484548130000,81
1484548140000,77
1484548150000,76
1484548160000,82
1484548170000,84
1484548180000,83
1484548185000,84
1484548190000,83
1484548200000,80
1484548210000,79
1484548220000,76
1484548230000,75
1484548235000,75
1484548250000,75
1484548260000,77
1484548265000,79
1484548270000,80
1484548280000,82
1484548290000,83
1484548300000,83
1484548305000,81
1484548310000,79
1484548325000,80
1484548340000,80
1484548355000,80
1484548360000,66
1484548365000,60
1484548370000,62
1484548380000,62
1484548390000,70
1484548405000,70
1484548410000,73
1484548420000,71
1484548430000,72
1484548440000,73
1484548455000,73
1484548460000,77
1484548470000,77
1484548485000,77
1484548490000,78
1484548500000,78
1484548510000,80
1484548520000,78
1484548530000,71
1484548540000,75
1484548550000,76
1484548560000,77
1484548570000,81
1484548580000,79
1484548595000,79
1484548600000,77
1484548610000,76
1484548620000,77
1484548630000,77
1484548640000,76
1484548650000,75
1484548660000,74
1484548670000,77
1484548685000,77
1484548690000,85
1484548705000,85
1484548710000,83
1484548720000,80
1484548730000,74
1484548735000,74
1484548750000,73
1484548760000,76
1484548770000,75
1484548775000,75
1484548790000,75
1484548800000,75
1484548810000,80
1484548825000,80
1484548830000,81
1484548840000,81
1484548850000,80
1484548860000,79
1484548870000,77
1484548875000,76
1484548880000,76
1484548890000,80
1484548905000,80
1484548910000,84
1484548925000,84
1484548930000,82
1484548945000,81
1484548950000,80
1484548960000,81
1484548970000,84
1484548980000,84
1484548985000,84
1484548990000,83
1484549000000,82
1484549005000,82
1484549020000,83
1484549035000,83
1484549050000,83
1484549060000,82
1484549070000,82
1484549085000,82
1484549100000,81
1484549110000,81
1484549120000,82
1484549130000,78
1484549140000,76
1484549155000,75
1484549160000,76
1484549170000,76
1484549185000,76
1484549200000,76
1484549205000,77
1484549220000,78
1484549225000,80
1484549230000,81
1484549235000,82
1484549250000,82
1484549265000,82
1484549270000,82
1484549285000,83
1484549300000,84
1484549315000,84
1484549325000,85
1484549340000,85
1484549355000,85
1484549370000,85
1484549380000,86
1484549385000,85
1484549390000,87
1484549395000,89
1484549400000,93
1484549405000,94
1484549410000,94
1484549425000,96
1484549430000,97
1484549445000,97
1484549455000,98
1484549470000,98
1484549485000,98
1484549490000,99
1484549495000,100
1484549510000,100
1484549515000,101
1484549520000,102
1484549535000,102
1484549540000,102
1484549545000,101
1484549550000,103
1484549555000,104
1484549565000,106
1484549570000,108
1484549585000,108
1484549600000,108
1484549610000,109
1484549625000,109
1484549640000,108
1484549645000,107
1484549660000,109
1484549665000,111
1484549670000,112
1484549675000,115
1484549685000,116
1484549700000,118
1484549705000,117
1484549720000,117
1484549735000,117
1484549740000,116
1484549745000,114
1484549750000,113
1484549765000,113
1484549770000,114
1484549775000,113
1484549780000,113
1484549785000,110
1484549790000,108
1484549805000,108
1484549810000,111
1484549815000,112
1484549820000,113
1484549825000,114
1484549830000,117
1484549835000,116
1484549840000,115
1484549845000,114
1484549860000,114
1484549870000,115
1484549880000,117
1484549885000,119
1484549890000,122
1484549895000,121
1484549900000,118
1484549915000,124
1484549920000,123
1484549930000,121
1484549935000,120
1484549945000,119
1484549950000,118
1484549955000,121
1484549960000,123
1484549965000,122
1484549975000,118
1484549980000,114
1484549985000,115
1484549990000,117
1484549995000,116
1484550000000,120
1484550005000,122
1484550010000,117
1484550015000,115
1484550020000,114
1484550030000,111
1484550035000,114
1484550050000,112
1484550055000,110
1484550060000,109
1484550065000,106
1484550070000,105
1484550080000,110
1484550085000,111
1484550090000,110
1484550095000,109
1484550100000,104
1484550105000,103
1484550110000,104
1484550115000,105
1484550120000,106
1484550125000,106
1484550130000,105
1484550135000,107
1484550140000,108
1484550145000,110
1484550155000,111
1484550160000,112
1484550165000,110
1484550170000,111
1484550175000,110
1484550180000,108
1484550195000,108
1484550200000,110
1484550205000,110
1484550220000,110
1484550230000,108
1484550245000,108
1484550260000,108
1484550270000,110
1484550280000,112
1484550285000,113
1484550300000,113
1484550315000,113
1484550320000,110
1484550335000,110
1484550350000,110
1484550365000,110
1484550370000,110
1484550380000,109
1484550395000,109
1484550400000,109
1484550415000,109
1484550420000,105
1484550425000,104
1484550440000,104
1484550455000,104
1484550465000,105
1484550480000,105
1484550485000,105
1484550490000,108
1484550500000,109
1484550515000,109
1484550530000,109
1484550545000,109
1484550550000,107
1484550555000,107
1484550570000,108
1484550585000,108
1484550600000,106
1484550605000,103
1484550610000,105
1484550615000,106
1484550620000,105
1484550635000,105
1484550640000,105
1484550650000,104
1484550665000,104
1484550675000,105
1484550690000,105
1484550705000,105
1484550710000,104
1484550725000,104
1484550730000,103
1484550735000,102
1484550740000,101
1484550755000,101
1484550760000,101
1484550770000,99
1484550775000,99
1484550790000,99
1484550800000,90
1484550805000,88
1484550820000,88
1484550830000,85
1484550845000,85
1484550860000,85
1484550875000,85
1484550880000,88
1484550895000,87
1484550910000,87
1484550920000,87
1484550935000,87
1484550950000,88
1484550965000,88
1484550980000,87
1484550995000,87
1484551000000,90
1484551010000,91
1484551025000,91
1484551030000,92
1484551045000,91
1484551060000,92
1484551075000,92
1484551080000,93
1484551085000,92
1484551090000,91
1484551105000,91
1484551120000,91
1484551135000,91
1484551150000,90
1484551155000,92
1484551170000,93
1484551185000,93
1484551200000,91
1484551210000,91
1484551225000,91
1484551240000,91
1484551250000,92
1484551260000,90
1484551275000,90
1484551290000,90
1484551300000,89
1484551310000,88
1484551325000,88
1484551330000,86
1484551340000,85
1484551355000,85
1484551360000,84
1484551375000,84
1484551390000,84
1484551405000,84
1484551410000,85
1484551415000,86
1484551430000,86
1484551445000,86
1484551455000,87
1484551460000,88
1484551475000,88
1484551480000,89
1484551495000,89
1484551510000,89
1484551525000,89
1484551530000,88
1484551540000,86
1484551550000,84
1484551560000,87
1484551570000,88
1484551580000,87
1484551590000,86
1484551600000,92
1484551610000,90
1484551620000,89
1484551635000,89
1484551640000,90
1484551650000,89
1484551655000,89
1484551670000,89
1484551680000,101
1484551690000,100
1484551700000,94
1484551710000,92
1484551725000,92
1484551740000,93
1484551750000,98
1484551760000,96
1484551770000,93
1484551775000,91
1484551790000,91
1484551805000,91
1484551810000,88
1484551820000,87
1484551835000,87
1484551850000,87
1484551855000,88
1484551860000,86
1484551870000,87
1484551885000,87
1484551900000,86
1484551905000,87
1484551920000,87
1484551925000,86
1484551940000,87
1484551955000,87
1484551970000,87
1484551985000,87
1484552000000,87
1484552010000,88
1484552015000,86
1484552025000,88
1484552030000,89
1484552045000,89
1484552055000,90
1484552070000,90
1484552080000,92
1484552090000,94
1484552100000,93
1484552110000,92
1484552115000,93
1484552120000,95
1484552125000,94
1484552130000,95
1484552145000,95
1484552160000,95
1484552165000,96
1484552180000,96
1484552195000,96
1484552210000,97
1484552215000,98
1484552230000,98
1484552235000,99
1484552240000,98
1484552255000,99
1484552260000,100
1484552265000,101
1484552275000,102
1484552290000,104
1484552295000,105
1484552310000,105
1484552325000,105
1484552340000,105
1484552355000,105
1484552370000,103
1484552380000,93
1484552390000,88
1484552400000,86
1484552415000,86
1484552430000,85
1484552445000,85
1484552450000,85
1484552460000,84
1484552475000,84
1484552480000,83
1484552495000,83
1484552500000,84
1484552510000,85
1484552525000,85
1484552530000,90
1484552540000,91
1484552545000,91
1484552550000,93
1484552560000,90
1484552575000,90
1484552590000,90
1484552595000,89
1484552610000,89
1484552625000,89
1484552640000,88
1484552650000,88
1484552665000,88
1484552680000,88
1484552685000,88
1484552700000,89
1484552710000,88
1484552720000,89
1484552735000,89
1484552750000,89
1484552755000,90
1484552760000,91
1484552775000,91
1484552785000,92
1484552790000,94
1484552795000,95
1484552800000,97
1484552805000,98
1484552810000,99
1484552825000,100
1484552840000,100
1484552845000,102
1484552850000,103
1484552855000,102
1484552860000,103
1484552870000,104
1484552875000,105
1484552890000,105
1484552895000,104
1484552900000,103
1484552915000,104
1484552920000,103
1484552925000,104
1484552935000,105
1484552945000,104
1484552960000,105
1484552975000,105
1484552980000,106
1484552995000,104
1484553010000,104
1484553020000,104
1484553030000,102
1484553040000,100
1484553050000,94
1484553065000,93
1484553070000,97
1484553075000,95
1484553090000,95
1484553105000,93
1484553120000,92
1484553130000,91
1484553140000,88
1484553150000,86
1484553160000,87
1484553175000,87
1484553180000,91
1484553195000,91
1484553200000,90
1484553205000,90
1484553210000,89
1484553215000,90
1484553230000,90
1484553245000,92
1484553260000,93
1484553265000,92
1484553280000,95
1484553290000,94
1484553305000,94
1484553310000,95
1484553325000,95
1484553330000,93
1484553345000,93
1484553360000,94
1484553375000,94
1484553390000,94
1484553405000,94
1484553410000,93
1484553425000,93
1484553430000,91
1484553440000,89
1484553455000,89
1484553470000,89
1484553480000,88
1484553495000,88
1484553500000,86
1484553510000,86
1484553520000,89
1484553530000,88
1484553540000,87
1484553555000,87
1484553570000,87
1484553575000,87
1484553590000,86
1484553595000,84
1484553600000,85
1484553610000,83
1484553625000,83
1484553640000,83
1484553650000,84
1484553660000,86
1484553675000,86
1484553690000,85
1484553705000,85
1484553720000,86
1484553735000,86
1484553750000,86
1484553755000,87
1484553770000,86
1484553775000,87
1484553780000,88
1484553785000,90
1484553790000,93
1484553795000,94
1484553800000,95
1484553810000,93
1484553820000,95
1484553825000,95
1484553840000,95
1484553855000,95
1484553865000,96
1484553875000,97
1484553885000,99
1484553890000,103
1484553895000,104
1484553905000,105
1484553915000,106
1484553925000,107
1484553930000,109
1484553935000,109
1484553940000,110
1484553945000,111
1484553950000,115
1484553955000,116
1484553960000,117
1484553975000,118
1484553980000,123
1484553990000,124
1484553995000,125
1484554000000,125
1484554005000,125
1484554010000,125
1484554015000,124
1484554030000,122
1484554035000,123
1484554040000,122
1484554045000,121
1484554060000,121
1484554075000,121
1484554080000,123
1484554095000,123
1484554110000,121
1484554115000,122
1484554125000,123
1484554135000,121
1484554150000,121
1484554155000,122
1484554160000,123
1484554175000,123
1484554185000,122
1484554190000,120
1484554200000,119
1484554210000,118
1484554220000,117
1484554230000,117
1484554235000,119
1484554240000,119
1484554245000,120
1484554250000,120
1484554255000,119
1484554270000,118
1484554280000,117
1484554295000,117
1484554300000,117
1484554315000,116
1484554320000,118
1484554325000,119
1484554330000,118
1484554340000,119
1484554345000,120
1484554350000,123
1484554355000,122
1484554360000,121
1484554365000,122
1484554375000,121
1484554385000,120
1484554400000,122
1484554405000,123
1484554420000,122
1484554425000,123
1484554435000,124
1484554445000,123
1484554450000,121
1484554465000,119
1484554470000,119
1484554480000,120
1484554485000,122
1484554490000,124
1484554495000,125
1484554505000,122
1484554515000,116
1484554520000,114
1484554530000,116
1484554545000,116
1484554550000,117
1484554560000,116
1484554565000,117
1484554570000,119
1484554580000,118
1484554585000,120
1484554590000,122
1484554595000,121
1484554605000,122
1484554610000,121
1484554620000,118
1484554625000,114
1484554630000,112
1484554635000,113
1484554640000,114
1484554645000,116
1484554650000,115
1484554655000,116
1484554660000,114
1484554665000,113
1484554675000,112
1484554685000,110
1484554690000,112
1484554695000,114
1484554710000,114
1484554715000,116
1484554720000,117
1484554725000,119
1484554735000,118
1484554740000,116
1484554745000,113
1484554755000,115
1484554770000,116
1484554775000,117
1484554780000,115
1484554785000,116
1484554790000,117
1484554795000,118
1484554800000,119
1484554805000,121
1484554810000,122
1484554815000,124
1484554820000,125
1484554825000,124
1484554830000,124
1484554845000,124
1484554850000,122
1484554855000,118
1484554860000,117
1484554865000,118
1484554880000,118
1484554885000,121
1484554890000,124
1484554895000,126
1484554900000,127
1484554910000,124
1484554925000,124
1484554935000,125
1484554940000,128
1484554945000,127
1484554950000,128
1484554955000,129
1484554970000,130
1484554975000,129
1484554990000,129
1484555000000,128
1484555005000,122
1484555010000,118
1484555015000,113
1484555020000,112
1484555025000,113
1484555030000,115
1484555035000,116
1484555045000,114
1484555055000,116
1484555060000,117
1484555070000,116
1484555085000,116
1484555100000,116
1484555115000,116
1484555120000,111
1484555125000,107
1484555135000,104
1484555150000,104
1484555160000,106
1484555170000,110
1484555175000,111
1484555180000,116
1484555185000,118
1484555190000,120
1484555195000,122
1484555205000,121
1484555210000,122
1484555215000,123
1484555220000,126
1484555230000,128
1484555235000,124
1484555240000,125
1484555245000,124
1484555250000,125
1484555255000,127
1484555260000,126
1484555275000,123
1484555280000,122
1484555285000,120
1484555300000,120
1484555315000,122
1484555325000,117
1484555330000,118
1484555335000,117
1484555345000,118
1484555355000,119
1484555360000,118
1484555365000,116
1484555375000,113
1484555380000,112
1484555395000,112
1484555410000,112
1484555420000,115
1484555425000,114
1484555440000,114
1484555445000,113
1484555450000,111
1484555455000,114
1484555460000,115
1484555465000,116
1484555475000,117
1484555480000,119
1484555485000,117
1484555490000,119
1484555495000,118
1484555510000,117
1484555515000,114
1484555520000,111
1484555525000,111
1484555530000,114
1484555535000,117
1484555540000,119
1484555545000,120
1484555550000,117
1484555555000,115
1484555565000,116
1484555575000,117
1484555580000,121
1484555590000,119
1484555605000,119
1484555610000,121
1484555615000,123
1484555630000,123
1484555635000,126
1484555640000,124
1484555645000,121
1484555650000,117
1484555655000,116
1484555660000,117
1484555665000,118
1484555670000,116
1484555675000,117
1484555690000,118
1484555695000,119
1484555700000,121
1484555710000,124
1484555715000,126
1484555720000,127
1484555735000,127
1484555740000,123
1484555745000,122
1484555750000,124
1484555755000,123
1484555770000,123
1484555775000,122
1484555780000,120
1484555785000,121
1484555800000,121
1484555805000,120
1484555810000,121
1484555815000,123
1484555820000,119
1484555825000,117
1484555830000,115
1484555835000,116
1484555840000,120
1484555845000,121
1484555850000,119
1484555855000,117
1484555870000,120
1484555875000,119
1484555880000,117
1484555890000,118
1484555895000,116
1484555905000,113
1484555910000,110
1484555920000,109
1484555925000,111
1484555930000,112
1484555945000,112
1484555960000,112
1484555965000,113
1484555975000,112
1484555980000,109
1484555995000,109
1484556000000,107
1484556005000,104
1484556020000,104
1484556035000,104
1484556040000,106
1484556045000,106
1484556050000,105
1484556055000,106
1484556065000,110
1484556070000,109
1484556075000,110
1484556080000,111
1484556095000,111
1484556100000,112
1484556105000,114
1484556110000,116
1484556120000,113
1484556135000,112
1484556150000,112
1484556165000,112
1484556170000,111
1484556185000,111
1484556200000,111
1484556215000,111
1484556220000,110
1484556225000,109
1484556240000,109
1484556245000,110
1484556260000,109
1484556270000,111
1484556280000,110
1484556290000,110
1484556300000,107
1484556310000,106
1484556320000,107
1484556325000,105
1484556330000,107
1484556340000,106
1484556345000,104
1484556360000,104
1484556370000,100
1484556380000,101
1484556395000,101
1484556400000,103
1484556405000,104
1484556415000,107
1484556420000,108
1484556425000,109
1484556430000,111
1484556445000,111
1484556450000,112
1484556455000,114
1484556460000,112
1484556470000,113
1484556480000,114
1484556485000,113
1484556495000,112
1484556500000,111
1484556505000,107
1484556510000,107
1484556515000,108
1484556525000,109
1484556530000,110
1484556535000,111
1484556540000,114
1484556545000,113
1484556550000,114
1484556560000,113
1484556565000,111
1484556575000,112
1484556580000,114
1484556585000,117
1484556590000,118
1484556595000,119
1484556605000,118
1484556610000,117
1484556615000,118
1484556620000,119
1484556625000,120
1484556635000,118
1484556650000,117
1484556655000,116
1484556660000,114
1484556670000,115
1484556675000,116
1484556690000,115
1484556695000,116
1484556710000,116
1484556725000,116
1484556735000,114
1484556740000,113
1484556755000,112
1484556765000,111
1484556770000,110
1484556775000,106
1484556790000,106
1484556800000,105
1484556810000,99
1484556815000,97
1484556825000,96
1484556840000,97
1484556845000,96
1484556850000,100
1484556855000,101
1484556860000,102
1484556865000,103
1484556875000,104
1484556890000,104
1484556895000,99
1484556910000,96
1484556925000,96
1484556940000,96
1484556945000,97
1484556950000,97
1484556955000,98
1484556970000,98
1484556985000,98
1484557000000,98
1484557005000,96
1484557020000,96
1484557035000,96
1484557050000,96
1484557055000,94
1484557065000,95
1484557080000,95
1484557095000,95
1484557110000,95
1484557120000,99
1484557125000,100
1484557140000,99
1484557145000,101
1484557150000,102
1484557165000,102
1484557170000,103
1484557185000,103
1484557195000,105
1484557210000,105
1484557225000,105
1484557230000,106
1484557245000,106
1484557250000,106
1484557265000,106
1484557280000,105
1484557295000,105
1484557300000,103
1484557315000,103
1484557330000,103
1484557340000,103
1484557355000,103
1484557360000,104
1484557370000,103
1484557380000,102
1484557385000,104
1484557395000,105
1484557400000,109
1484557405000,112
1484557415000,115
1484557430000,114
1484557435000,113
1484557440000,114
1484557455000,114
1484557470000,111
1484557475000,111
1484557480000,108
1484557485000,107
1484557500000,107
1484557505000,106
1484557510000,103
1484557525000,103
1484557540000,103
1484557545000,104
1484557550000,104
1484557560000,105
1484557570000,101
1484557580000,100
1484557595000,99
1484557600000,99
1484557610000,96
1484557625000,96
1484557640000,97
1484557645000,96
1484557660000,96
1484557675000,96
1484557685000,97
1484557690000,99
1484557705000,98
1484557720000,98
1484557735000,98
1484557740000,66
1484557750000,65
1484557765000,65
1484557770000,65
1484557785000,66
1484557790000,67
1484557805000,67
1484557810000,68
1484557820000,69
1484557835000,69
1484557850000,69
1484557865000,69
1484557880000,69
1484557890000,70
1484557900000,72
1484557905000,74
1484557920000,74
1484557935000,74
1484557950000,74
1484557955000,73
1484557960000,74
1484557970000,76
1484557975000,82
1484557990000,82
1484558005000,82
1484558010000,82
1484558025000,82
1484558030000,81
1484558045000,81
1484558050000,80
1484558060000,80
1484558065000,79
1484558080000,79
1484558095000,79
1484558110000,79
1484558115000,78
1484558130000,78
1484558145000,78
1484558160000,78
1484558175000,78
1484558180000,82
1484558195000,82
1484558210000,82
1484558225000,82
1484558240000,82
1484558255000,82
1484558270000,82
1484558285000,82
1484558300000,82
1484558340000,86
1484558350000,89
1484558355000,88
1484558360000,89
1484558370000,97
1484558375000,99
1484558380000,100
1484558395000,100
1484558400000,97
1484558410000,98
1484558420000,97
1484558435000,97
1484558445000,99
1484558450000,100
1484558455000,99
1484558460000,98
1484558475000,98
1484558480000,97
1484558490000,98
1484558505000,98
1484558510000,97
1484558515000,95
1484558520000,92
1484558530000,88
1484558540000,86
1484558550000,85
1484558560000,84
1484558575000,83
1484558590000,83
1484558595000,83
1484558605000,84
1484558620000,84
1484558630000,84
1484558640000,84
1484558645000,84
1484558660000,84
1484558670000,83
1484558685000,83
1484558690000,82
1484558700000,84
1484558715000,84
1484558730000,84
1484558735000,83
1484558745000,84
1484558750000,85
1484558765000,85
1484558780000,85
1484558795000,85
1484558810000,85
1484558820000,86
1484558835000,86
1484558845000,84
1484558860000,83
1484558870000,84
1484558880000,85
1484558895000,85
1484558900000,84
1484558915000,84
1484558930000,84
1484558945000,84
1484558960000,84
1484558975000,84
1484558990000,85
1484559005000,87
1484559010000,90
1484559020000,91
1484559035000,90
1484559040000,88
1484559045000,89
1484559060000,89
1484559075000,89
1484559090000,89
1484559105000,89
1484559120000,91
1484559135000,91
1484559150000,91
1484559165000,89
1484559170000,87
1484559175000,86
1484559185000,87
1484559200000,81
1484559210000,79
1484559220000,78
1484559225000,78
1484559235000,79
1484559245000,80
1484559260000,80
1484559275000,80
1484559290000,80
1484559300000,79
1484559315000,79
1484559330000,79
1484559345000,79
1484559350000,78
1484559360000,80
1484559370000,81
1484559375000,82
1484559390000,82
1484559405000,83
1484559410000,82
1484559415000,81
1484559420000,80
1484559430000,82
1484559445000,82
1484559450000,81
1484559460000,83
1484559475000,83
1484559490000,83
1484559505000,83
1484559520000,83
1484559525000,83
1484559540000,84
1484559555000,84
1484559560000,89
1484559565000,88
1484559580000,88
1484559595000,88
1484559600000,86
1484559610000,87
1484559615000,88
1484559630000,88
1484559635000,84
1484559650000,84
1484559655000,86
1484559670000,86
1484559685000,88
1484559690000,91
1484559695000,93
1484559700000,95
1484559715000,96
1484559730000,94
1484559735000,86
1484559740000,81
1484559745000,78
1484559760000,78
1484559770000,79
1484559775000,81
1484559780000,84
1484559785000,85
1484559790000,86
1484559800000,83
1484559815000,83
1484559820000,85
1484559830000,84
1484559840000,84
1484559850000,85
1484559860000,86
1484559875000,86
1484559890000,85
1484559900000,84
1484559910000,83
1484559920000,82
1484559925000,82
1484559940000,83
1484559950000,87
1484559960000,84
1484559970000,81
1484559980000,83
1484559990000,83
1484560005000,83
1484560020000,83
1484560030000,83
1484560045000,83
1484560050000,82
1484560055000,82
1484560070000,82
1484560080000,82
1484560095000,82
1484560110000,82
1484560115000,83
1484560125000,84
1484560140000,84
1484560155000,84
1484560160000,85
1484560170000,76
1484560180000,75
1484560190000,76
1484560200000,75
1484560210000,78
1484560215000,80
1484560220000,81
1484560230000,80
1484560240000,81
1484560255000,83
1484560270000,84
1484560275000,85
1484560290000,85
1484560295000,86
1484560305000,87
1484560310000,86
1484560315000,86
1484560320000,88
1484560330000,89
1484560335000,91
1484560345000,93
1484560350000,91
1484560355000,88
1484560365000,92
1484560375000,94
1484560380000,98
1484560385000,101
1484560390000,102
1484560395000,105
1484560400000,107
1484560415000,107
1484560420000,108
1484560435000,108
1484560450000,107
1484560465000,104
1484560475000,104
1484560480000,104
1484560485000,105
1484560495000,104
1484560510000,104
1484560525000,104
1484560530000,103
1484560535000,98
1484560540000,98
1484560555000,98
1484560560000,95
1484560575000,95
1484560580000,93
1484560585000,92
1484560600000,93
1484560610000,92
1484560620000,90
1484560630000,91
1484560645000,91
1484560650000,90
1484560665000,90
1484560680000,90
1484560685000,89
1484560700000,89
1484560715000,89
1484560720000,86
1484560730000,81
1484560745000,81
1484560755000,81
1484560770000,81
1484560785000,81
1484560800000,80
1484560815000,80
1484560830000,77
1484560840000,78
1484560845000,81
1484560850000,80
1484560865000,80
1484560880000,80
1484560890000,81
1484560895000,82
1484560900000,81
1484560905000,81
1484560910000,82
1484560925000,81
1484560935000,82
1484560950000,82
1484560955000,83
1484560960000,82
1484560975000,82
1484560990000,82
1484561005000,81
1484561020000,81
1484561035000,81
1484561040000,80
1484561050000,80
1484561065000,80
1484561070000,79
1484561080000,81
1484561095000,81
1484561110000,81
1484561120000,81
1484561125000,80
1484561140000,80
1484561150000,81
1484561165000,81
1484561170000,80
1484561180000,81
1484561185000,80
1484561190000,81
1484561205000,81
1484561220000,80
1484561235000,79
1484561240000,79
1484561255000,79
1484561260000,78
1484561275000,77
1484561280000,75
1484561295000,75
1484561300000,73
1484561310000,72
1484561320000,76
1484561330000,75
1484561345000,74
1484561360000,76
1484561370000,75
1484561380000,83
1484561385000,84
1484561390000,84
1484561405000,84
1484561415000,82
1484561420000,83
1484561430000,84
1484561445000,84
1484561460000,81
1484561465000,80
1484561470000,79
1484561480000,78
1484561490000,76
1484561505000,76
1484561510000,74
1484561525000,74
1484561540000,74
1484561545000,76
1484561550000,77
1484561560000,81
1484561570000,80
1484561575000,79
1484561590000,86
1484561600000,85
1484561605000,86
1484561610000,84
1484561620000,81
1484561630000,84
1484561640000,84
1484561645000,82
1484561660000,82
1484561675000,83
1484561680000,82
1484561690000,81
1484561700000,79
1484561710000,78
1484561725000,78
1484561730000,77
1484561745000,77
1484561750000,78
1484561755000,77
1484561770000,74
1484561785000,74
1484561790000,79
1484561795000,78
1484561810000,82
1484561825000,82
1484561830000,80
1484561835000,79
1484561850000,87
1484561860000,87
1484561870000,84
1484561880000,75
1484561890000,74
1484561900000,75
1484561910000,79
1484561925000,79
1484561935000,78
1484561940000,76
1484561955000,76
1484561960000,75
1484561975000,75
1484561980000,75
1484561995000,75
1484562010000,75
1484562025000,76
1484562030000,75
1484562045000,75
1484562060000,75
1484562075000,75
1484562090000,78
1484562100000,79
1484562105000,78
1484562110000,76
1484562120000,73
1484562135000,73
1484562150000,73
1484562165000,73
1484562170000,72
1484562185000,73
1484562190000,76
1484562195000,78
1484562200000,80
1484562210000,79
1484562215000,80
1484562230000,80
1484562240000,81
1484562255000,81
1484562270000,81
1484562280000,80
1484562295000,81
1484562310000,82
1484562325000,82
1484562340000,83
1484562350000,81
1484562365000,81
1484562370000,82
1484562375000,83
1484562390000,81
1484562405000,81
1484562410000,82
1484562425000,82
1484562440000,82
1484562455000,82
1484562460000,82
1484562470000,82
1484562475000,83
1484562490000,83
1484562500000,83
1484562515000,83
1484562520000,81
1484562535000,81
1484562540000,83
1484562555000,83
1484562560000,84
1484562570000,85
1484562585000,85
1484562600000,85
1484562615000,85
1484562630000,85
1484562640000,82
1484562650000,80
1484562660000,80
1484562670000,80
1484562675000,81
1484562690000,81
1484562700000,80
1484562710000,80
1484562715000,79
1484562730000,81
1484562740000,82
1484562750000,81
1484562760000,78
1484562770000,75
1484562780000,75
1484562785000,75
1484562800000,77
1484562815000,77
1484562820000,78
1484562835000,78
1484562850000,78
1484562865000,78
1484562870000,79
1484562885000,79
1484562900000,80
1484562915000,80
1484562930000,81
1484562945000,81
1484562960000,78
1484562965000,78
1484562970000,78
1484562985000,78
1484563000000,78
1484563015000,78
1484563025000,80
1484563040000,80
1484563045000,81
1484563050000,82
1484563065000,82
1484563075000,83
1484563080000,84
1484563085000,85
1484563090000,85
1484563095000,84
1484563110000,84
1484563120000,85
1484563125000,86
1484563140000,86
1484563150000,82
1484563160000,81
1484563175000,81
1484563190000,81
1484563195000,81
1484563200000,82
1484563210000,83
1484563220000,84
1484563225000,82
1484563230000,81
1484563245000,82
1484563260000,81
1484563265000,82
1484563270000,82
1484563285000,82
1484563290000,83
1484563305000,83
1484563310000,80
1484563325000,80
1484563330000,79
1484563335000,80
1484563340000,80
1484563355000,80
1484563360000,81
1484563375000,81
1484563390000,81
1484563405000,81
1484563410000,80
1484563425000,80
1484563430000,79
1484563440000,78
1484563455000,78
1484563460000,77
1484563475000,77
1484563490000,77
1484563505000,77
1484563510000,76
1484563525000,76
1484563540000,76
1484563550000,70
1484563560000,76
1484563570000,72
1484563580000,71
1484563595000,71
1484563600000,70
1484563610000,71
1484563625000,71
1484563640000,72
1484563650000,72
1484563655000,73
1484563670000,74
1484563685000,74
1484563690000,76
1484563705000,76
1484563710000,77
1484563715000,78
1484563730000,80
1484563740000,81
1484563750000,82
1484563765000,82
1484563770000,80
1484563775000,82
1484563780000,83
1484563795000,85
1484563810000,85
1484563820000,87
1484563835000,87
1484563840000,88
1484563855000,88
1484563860000,87
1484563875000,87
1484563890000,82
1484563895000,84
1484563900000,83
1484563905000,84
1484563910000,84
1484563925000,84
1484563930000,82
1484563945000,82
1484563955000,83
1484563970000,83
1484563980000,82
1484563990000,83
1484564000000,83
1484564010000,81
1484564025000,81
1484564030000,82
1484564035000,81
1484564050000,81
1484564065000,81
1484564075000,82
1484564090000,84
1484564105000,84
1484564110000,86
1484564120000,84
1484564135000,84
1484564140000,82
1484564150000,80
1484564160000,71
1484564170000,71
1484564180000,75
1484564185000,75
1484564200000,78
1484564210000,78
1484564220000,79
1484564230000,80
1484564240000,80
1484564250000,80
1484564265000,80
1484564275000,81
1484564290000,81
1484564300000,81
1484564310000,80
1484564315000,81
1484564330000,81
1484564335000,81
1484564340000,82
1484564345000,82
1484564360000,82
1484564375000,82
1484564390000,82
1484564395000,84
1484564410000,84
1484564425000,88
1484564430000,89
1484564440000,90
1484564455000,90
1484564460000,89
1484564465000,89
1484564480000,89
1484564490000,90
1484564500000,91
1484564515000,91
1484564530000,92
1484564545000,92
1484564560000,92
1484564575000,94
1484564580000,93
1484564585000,92
1484564600000,92
1484564615000,92
1484564620000,91
1484564635000,92
1484564650000,92
1484564665000,92
1484564680000,91
1484564695000,91
1484564700000,90
1484564705000,89
1484564720000,88
1484564730000,86
1484564745000,86
1484564760000,88
1484564770000,85
1484564775000,84
1484564780000,84
1484564795000,84
1484564810000,83
1484564820000,83
1484564825000,81
1484564830000,78
1484564835000,75
1484564845000,77
1484564850000,78
1484564855000,79
1484564860000,81
1484564865000,83
1484564870000,84
1484564885000,84
1484564900000,83
1484564910000,81
1484564925000,81
1484564935000,80
1484564940000,81
1484564955000,80
1484564965000,82
1484564970000,83
1484564985000,84
1484565000000,84
1484565015000,84
1484565030000,84
1484565045000,84
1484565050000,84
1484565060000,83
1484565075000,83
1484565090000,83
1484565100000,82
1484565110000,79
1484565115000,78
1484565120000,79
1484565135000,79
1484565140000,80
1484565150000,80
1484565160000,81
1484565175000,81
1484565190000,82
1484565205000,82
1484565210000,83
1484565215000,84
1484565230000,84
1484565240000,84
1484565255000,83
1484565260000,82
1484565270000,80
1484565280000,76
1484565290000,77
1484565305000,77
1484565310000,77
1484565325000,77
1484565330000,78
1484565340000,77
1484565350000,78
1484565360000,78
1484565375000,78
1484565390000,78
1484565405000,77
1484565410000,77
1484565425000,78
1484565440000,78
1484565455000,78
1484565470000,78
1484565475000,77
1484565480000,77
1484565490000,77
1484565505000,75
1484565520000,75
1484565530000,75
1484565540000,73
1484565555000,72
1484565570000,72
1484565580000,71
1484565595000,72
1484565610000,72
1484565625000,72
1484565640000,72
1484565655000,72
1484565660000,72
1484565675000,72
1484565690000,72
1484565705000,72
1484565715000,72
1484565720000,72
1484565730000,73
1484565735000,75
1484565745000,76
1484565755000,77
1484565765000,78
1484565775000,78
1484565780000,79
1484565795000,79
1484565800000,79
1484565815000,80
1484565830000,83
1484565835000,88
1484565840000,91
1484565850000,92
1484565855000,94
1484565860000,95
1484565875000,95
1484565880000,93
1484565885000,94
1484565890000,96
1484565895000,98
1484565900000,99
1484565910000,100
1484565915000,99
1484565930000,99
1484565935000,100
1484565945000,104
1484565960000,104
1484565975000,104
1484565990000,104
1484566000000,105
1484566015000,106
1484566030000,106
1484566045000,106
1484566060000,106
1484566065000,103
1484566070000,102
1484566075000,99
1484566080000,98
1484566085000,97
1484566090000,95
1484566100000,94
1484566115000,94
1484566120000,88
1484566135000,88
1484566140000,88
1484566150000,90
1484566160000,90
1484566170000,90
1484566185000,90
1484566200000,90
1484566205000,90
1484566220000,90
1484566235000,89
1484566240000,85
1484566250000,86
1484566265000,86
1484566275000,87
1484566285000,89
1484566290000,91
1484566295000,92
1484566305000,93
1484566310000,92
1484566325000,93
1484566340000,94
1484566355000,94
1484566360000,93
1484566375000,94
1484566385000,98
1484566390000,100
1484566395000,99
1484566410000,99
1484566415000,98
1484566430000,98
1484566440000,97
1484566445000,95
1484566455000,95
1484566470000,95
1484566485000,93
1484566500000,93
1484566505000,91
1484566520000,92
1484566525000,94
1484566530000,96
1484566535000,97
1484566540000,99
1484566545000,101
1484566560000,103
1484566575000,106
1484566580000,108
1484566585000,110
1484566595000,107
1484566600000,105
1484566610000,102
1484566615000,98
1484566630000,97
1484566635000,96
1484566645000,95
1484566660000,95
1484566670000,96
1484566675000,98
1484566685000,97
1484566690000,98
1484566695000,99
1484566700000,100
1484566715000,100
1484566725000,102
1484566740000,101
1484566745000,102
1484566760000,98
1484566775000,98
1484566780000,98
1484566790000,91
1484566795000,90
1484566810000,90
1484566825000,90
1484566840000,90
1484566850000,88
1484566855000,87
1484566860000,86
1484566870000,87
1484566875000,87
1484566880000,86
1484566895000,86
1484566900000,84
1484566905000,82
1484566915000,81
1484566920000,86
1484566930000,89
1484566935000,90
1484566940000,88
1484566945000,86
1484566950000,82
1484566955000,81
1484566970000,81
1484566975000,80
1484566985000,81
1484566990000,81
1484567005000,81
1484567020000,81
1484567035000,81
1484567040000,82
1484567050000,80
1484567060000,78
1484567075000,78
1484567090000,78
1484567105000,78
1484567120000,78
1484567125000,80
1484567135000,81
1484567140000,82
1484567145000,83
1484567160000,83
1484567175000,84
1484567180000,83
1484567185000,81
1484567190000,79
1484567195000,82
1484567200000,83
1484567210000,85
1484567215000,86
1484567220000,85
1484567225000,85
1484567230000,83
1484567235000,82
1484567240000,79
1484567255000,79
1484567260000,80
1484567265000,79
1484567275000,81
1484567280000,83
1484567285000,84
1484567290000,89
1484567305000,90
1484567320000,90
1484567325000,89
1484567340000,90
1484567345000,91
1484567360000,91
1484567375000,91
1484567380000,93
1484567385000,97
1484567390000,99
1484567395000,100
1484567405000,101
1484567410000,104
1484567425000,106
1484567430000,107
1484567435000,105
1484567440000,104
1484567445000,103
1484567450000,102
1484567455000,101
1484567465000,102
1484567470000,101
1484567475000,100
1484567490000,103
1484567495000,104
1484567510000,104
1484567520000,105
1484567535000,104
1484567540000,106
1484567545000,108
1484567560000,108
1484567565000,107
1484567570000,106
1484567575000,101
1484567590000,101
1484567605000,101
1484567615000,105
1484567620000,107
1484567625000,108
1484567635000,109
1484567640000,110
1484567655000,111
1484567670000,111
1484567675000,109
1484567690000,110
1484567695000,111
1484567700000,112
1484567710000,112
1484567715000,109
1484567720000,106
1484567725000,105
1484567735000,107
1484567745000,108
1484567755000,109
1484567760000,110
1484567775000,110
1484567780000,109
1484567785000,107
1484567790000,108
1484567795000,106
1484567800000,107
1484567805000,108
1484567810000,110
1484567815000,111
1484567820000,112
1484567825000,113
1484567830000,110
1484567840000,109
1484567845000,113
1484567850000,111
1484567855000,112
1484567860000,114
1484567865000,115
1484567875000,117
1484567880000,118
1484567885000,121
1484567890000,118
1484567895000,119
1484567900000,124
1484567905000,122
1484567920000,122
1484567930000,120
1484567935000,121
1484567940000,120
1484567945000,123
1484567955000,125
1484567960000,126
1484567965000,125
1484567970000,126
1484567985000,126
1484567990000,125
1484567995000,125
1484568010000,123
1484568015000,121
1484568030000,121
1484568035000,121
1484568050000,118
1484568055000,116
1484568065000,113
1484568070000,111
1484568080000,95
1484568095000,94
1484568100000,91
1484568110000,90
1484568115000,89
1484568120000,86
1484568125000,83
1484568140000,81
1484568155000,81
1484568160000,77
1484568170000,76
1484568180000,74
1484568190000,73
1484568195000,72
1484568205000,73
1484568215000,74
1484568225000,75
1484568230000,75
1484568235000,76
1484568240000,77
1484568250000,78
1484568260000,77
1484568275000,77
1484568285000,74
1484568300000,73
1484568310000,74
1484568320000,73
1484568335000,73
1484568340000,72
1484568355000,72
1484568360000,75
1484568375000,76
1484568390000,76
1484568400000,75
1484568410000,77
1484568420000,81
1484568430000,80
1484568440000,78
1484568450000,75
1484568460000,69
1484568470000,69
1484568485000,69
1484568490000,70
1484568500000,71
1484568510000,72
1484568520000,71
1484568530000,69
1484568545000,69
1484568550000,70
1484568560000,71
1484568570000,69
1484568580000,71
1484568590000,72
1484568605000,72
1484568610000,72
1484568620000,74
1484568630000,73
1484568635000,73
1484568650000,73
1484568665000,73
1484568670000,69
1484568680000,68
1484568690000,66
1484568700000,72
1484568710000,71
1484568720000,72
1484568735000,72
1484568740000,73
1484568750000,72
1484568765000,72
1484568770000,71
1484568775000,71
1484568785000,70
1484568800000,71
1484568815000,71
1484568830000,72
1484568845000,72
1484568850000,69
1484568855000,66
1484568870000,65
1484568880000,64
1484568890000,65
1484568900000,73
1484568910000,80
1484568920000,81
1484568935000,81
1484568940000,80
1484568950000,79
1484568960000,80
1484568970000,79
1484568980000,78
1484568990000,78
1484569000000,79
1484569010000,80
1484569020000,79
1484569035000,79
1484569050000,80
1484569060000,80
1484569075000,80
1484569090000,78
1484569100000,80
1484569110000,81
1484569120000,82
1484569130000,83
1484569140000,85
1484569155000,85
1484569170000,85
1484569175000,86
1484569190000,87
1484569200000,75
1484569210000,73
1484569215000,72
1484569230000,72
1484569240000,73
1484569250000,72
1484569265000,72
1484569270000,70
1484569285000,70
1484569290000,69
1484569300000,67
1484569310000,68
1484569315000,69
1484569320000,70
1484569325000,70
1484569340000,70
1484569350000,71
1484569360000,70
1484569370000,70
1484569380000,70
1484569390000,70
1484569400000,71
1484569405000,73
1484569420000,73
1484569435000,73
1484569450000,74
1484569460000,75
1484569465000,76
1484569470000,77
1484569485000,78
1484569490000,79
1484569505000,79
1484569520000,80
1484569525000,82
1484569540000,82
1484569550000,81
1484569565000,81
1484569580000,81
1484569595000,81
1484569605000,82
1484569610000,83
1484569620000,85
1484569630000,87
1484569640000,86
1484569655000,86
1484569670000,84
1484569680000,87
1484569690000,86
1484569705000,86
1484569710000,87
1484569720000,85
1484569730000,86
1484569740000,88
1484569755000,88
1484569770000,88
1484569785000,87
1484569800000,87
1484569815000,87
1484569820000,86
1484569830000,83
1484569840000,81
1484569855000,81
1484569860000,82
1484569870000,84
1484569875000,85
1484569890000,85
1484569900000,86
1484569910000,87
1484569920000,82
1484569930000,80
1484569940000,77
1484569950000,74
1484569960000,69
1484569970000,72
1484569980000,73
1484569990000,74
1484570000000,71
1484570005000,70
1484570020000,71
1484570030000,70
1484570040000,70
1484570055000,70
1484570060000,72
1484570075000,72
1484570090000,73
1484570100000,72
1484570110000,88
1484570120000,86
1484570130000,85
1484570145000,85
1484570150000,86
1484570155000,90
1484570170000,90
1484570175000,92
1484570180000,93
1484570185000,94
1484570190000,95
1484570195000,98
1484570200000,99
1484570205000,100
1484570210000,101
1484570215000,102
1484570230000,102
1484570235000,101
1484570240000,100
1484570245000,99
1484570250000,97
1484570255000,96
1484570260000,94
1484570275000,95
1484570290000,95
1484570300000,94
1484570310000,95
1484570320000,94
1484570325000,91
1484570330000,90
1484570335000,91
1484570340000,90
1484570345000,89
1484570360000,86
1484570370000,88
1484570385000,88
1484570390000,85
1484570400000,83
1484570415000,84
1484570420000,85
1484570430000,86
1484570440000,88
1484570455000,88
1484570465000,87
1484570480000,85
1484570490000,86
1484570505000,86
1484570510000,89
1484570520000,88
1484570530000,85
1484570540000,84
1484570550000,83
1484570565000,83
1484570570000,81
1484570580000,79
1484570595000,79
1484570610000,80
1484570620000,79
1484570630000,77
1484570645000,77
1484570660000,79
1484570665000,79
1484570670000,80
1484570685000,81
1484570700000,81
1484570710000,80
1484570720000,78
1484570735000,78
1484570750000,76
1484570760000,74
1484570765000,73
1484570770000,71
1484570785000,71
1484570790000,72
1484570805000,73
1484570815000,74
1484570820000,75
1484570830000,76
1484570835000,77
1484570850000,77
1484570865000,78
1484570870000,77
1484570880000,76
1484570885000,75
1484570900000,74
1484570915000,74
1484570930000,94
1484570945000,94
1484570950000,94
1484570965000,94
1484570980000,94
1484570995000,94
1484571005000,95
1484571020000,95
1484571030000,95
1484571045000,95
1484571050000,93
1484571060000,94
1484571075000,94
1484571090000,89
1484571100000,86
1484571110000,85
1484571120000,84
1484571135000,84
1484571150000,80
1484571160000,78
1484571170000,79
1484571180000,78
1484571190000,75
1484571200000,71
1484571210000,70
1484571220000,70
1484571235000,70
1484571240000,70
1484571255000,70
1484571270000,69
1484571280000,68
1484571295000,67
1484571300000,68
1484571315000,68
1484571330000,68
1484571345000,68
1484571360000,69
1484571375000,69
1484571390000,69
1484571400000,70
1484571405000,71
1484571420000,71
1484571435000,71
1484571450000,72
1484571465000,72
1484571475000,73
1484571490000,73
1484571505000,73
1484571510000,72
1484571520000,70
1484571530000,71
1484571540000,68
1484571550000,67
1484571555000,69
1484571560000,69
1484571570000,70
1484571585000,70
1484571600000,70
1484571610000,72
1484571625000,72
1484571640000,71
1484571650000,72
1484571665000,72
1484571670000,74
1484571685000,74
1484571700000,74
1484571715000,74
1484571730000,74
1484571745000,74
1484571750000,73
1484571765000,73
1484571780000,72
1484571790000,70
1484571800000,70
1484571815000,70
1484571830000,70
1484571845000,70
1484571860000,70
1484571875000,70
1484571880000,71
1484571885000,72
1484571890000,74
1484571900000,75
1484571905000,76
1484571910000,77
1484571915000,79
1484571920000,80
1484571925000,85
1484571930000,89
1484571935000,91
1484571940000,94
1484571945000,95
1484571950000,98
1484571955000,99
1484571960000,103
1484571965000,107
1484571970000,106
1484571975000,105
1484571990000,105
1484571995000,107
1484572010000,109
1484572015000,111
1484572020000,113
1484572025000,114
1484572030000,118
1484572035000,117
1484572040000,121
1484572045000,127
1484572050000,134
1484572055000,141
1484572060000,146
1484572065000,144
1484572075000,151
1484572080000,156
1484572085000,159
1484572090000,158
1484572095000,157
1484572105000,154
1484572110000,153
1484572115000,152
1484572120000,154
1484572125000,155
1484572130000,155
1484572135000,156
1484572140000,158
1484572145000,156
1484572150000,157
1484572155000,159
1484572160000,159
1484572165000,160
1484572170000,161
1484572175000,165
1484572180000,168
1484572185000,167
1484572190000,163
1484572195000,162
1484572200000,164
1484572205000,166
1484572215000,165
1484572220000,162
1484572225000,157
1484572230000,152
1484572240000,149
1484572245000,143
1484572250000,142
1484572255000,141
1484572260000,140
1484572265000,138
1484572270000,136
1484572275000,134
1484572285000,133
1484572300000,132
1484572310000,130
1484572315000,126
1484572320000,122
1484572325000,125
1484572330000,128
1484572345000,132
1484572350000,131
1484572365000,129
1484572370000,130
1484572375000,129
1484572380000,125
1484572395000,123
1484572400000,127
1484572405000,123
1484572410000,127
1484572415000,129
1484572420000,127
1484572425000,126
1484572430000,127
1484572435000,122
1484572445000,120
1484572450000,118
1484572455000,119
1484572470000,120
1484572475000,115
1484572485000,116
1484572490000,117
1484572500000,114
1484572510000,113
1484572515000,109
1484572520000,108
1484572535000,108
1484572550000,111
1484572555000,113
1484572565000,115
1484572570000,117
1484572575000,118
1484572580000,117
1484572585000,118
1484572590000,119
1484572595000,114
1484572600000,113
1484572610000,114
1484572620000,115
1484572625000,114
1484572630000,118
1484572640000,116
1484572655000,116
1484572665000,117
1484572680000,117
1484572685000,114
1484572690000,113
1484572700000,112
1484572715000,112
1484572730000,112
1484572745000,109
1484572750000,107
1484572760000,107
1484572765000,105
1484572770000,103
1484572775000,99
1484572780000,96
1484572785000,94
1484572795000,89
1484572800000,85
1484572805000,84
1484572810000,83
1484572825000,83
1484572840000,80
1484572850000,78
1484572865000,78
1484572870000,70
1484572880000,68
1484572895000,68
1484572910000,69
1484572915000,70
1484572920000,71
1484572930000,70
1484572940000,75
1484572950000,77
1484572955000,78
1484572970000,76
1484572980000,72
1484572990000,68
1484573000000,67
1484573010000,68
1484573020000,73
1484573030000,80
1484573045000,80
1484573050000,78
1484573060000,77
1484573070000,76
1484573080000,75
1484573090000,74
1484573100000,74
1484573110000,74
1484573125000,74
1484573140000,74
1484573150000,76
1484573160000,79
1484573170000,81
1484573180000,80
1484573190000,80
1484573200000,79
1484573210000,75
1484573225000,75
1484573230000,80
1484573240000,79
1484573255000,79
1484573265000,80
1484573280000,80
1484573295000,80
1484573300000,81
1484573315000,82
1484573320000,84
1484573330000,86
1484573335000,87
1484573340000,90
1484573345000,92
1484573350000,93
1484573355000,94
1484573370000,92
1484573375000,91
1484573380000,92
1484573385000,94
1484573390000,95
1484573400000,94
1484573405000,99
1484573410000,98
1484573415000,97
1484573420000,98
1484573425000,95
1484573440000,96
1484573445000,100
1484573450000,99
1484573455000,101
1484573470000,101
1484573485000,101
1484573500000,101
1484573515000,101
1484573520000,83
1484573530000,70
1484573535000,69
1484573540000,68
1484573550000,69
1484573555000,70
1484573570000,73
1484573580000,74
1484573595000,75
1484573605000,76
1484573615000,75
1484573620000,75
1484573625000,76
1484573640000,76
1484573655000,76
1484573665000,77
1484573680000,77
1484573695000,77
1484573710000,77
1484573720000,78
1484573730000,77
1484573735000,74
1484573750000,72
1484573765000,72
1484573780000,73
1484573795000,73
1484573805000,74
1484573810000,75
1484573825000,75
1484573830000,75
1484573845000,75
1484573860000,80
1484573870000,79
1484573885000,79
1484573890000,78
1484573905000,78
1484573920000,80
1484573930000,79
1484573940000,79
1484573945000,78
1484573960000,78
1484573965000,78
1484573980000,78
1484573995000,78
1484574010000,79
1484574025000,79
1484574040000,79
1484574055000,79
1484574070000,79
1484574080000,80
1484574090000,78
1484574105000,79
1484574120000,79
1484574135000,79
1484574140000,84
1484574145000,84
1484574150000,84
1484574165000,84
1484574170000,84
1484574185000,84
1484574195000,85
1484574210000,85
1484574225000,85
1484574230000,82
1484574245000,82
1484574250000,83
1484574265000,83
1484574280000,83
1484574290000,87
1484574305000,87
1484574320000,87
1484574325000,87
1484574340000,87
1484574355000,87
1484574370000,87
1484574385000,87
1484574400000,78
1484574410000,80
1484574415000,79
1484574420000,81
1484574430000,79
1484574440000,78
1484574450000,80
1484574455000,78
1484574460000,78
1484574470000,76
1484574480000,77
1484574490000,74
1484574505000,75
1484574520000,74
1484574525000,75
1484574540000,75
1484574550000,76
1484574560000,78
1484574570000,79
1484574580000,77
1484574590000,78
1484574605000,78
1484574620000,78
1484574635000,78
1484574650000,78
1484574665000,77
1484574680000,77
1484574685000,76
1484574690000,75
1484574695000,76
1484574700000,78
1484574710000,85
1484574715000,85
1484574720000,85
1484574730000,86
1484574740000,84
1484574750000,84
1484574765000,84
1484574780000,84
1484574790000,81
1484574800000,83
1484574815000,83
1484574820000,86
1484574835000,86
1484574850000,86
1484574855000,86
1484574870000,86
1484574885000,86
1484574900000,86
1484574915000,86
1484574930000,86
1484574935000,85
1484574945000,84
1484574960000,84
1484574975000,84
1484574990000,84
1484574995000,83
1484575000000,84
1484575015000,84
1484575030000,83
1484575035000,82
1484575045000,81
1484575060000,81
1484575075000,81
1484575085000,82
1484575100000,82
1484575110000,77
1484575120000,76
1484575135000,76
1484575150000,75
1484575165000,75
1484575180000,76
1484575185000,75
1484575200000,75
1484575215000,75
1484575220000,74
1484575235000,73
1484575245000,74
1484575260000,75
1484575275000,75
1484575290000,77
1484575295000,79
1484575305000,80
1484575320000,80
1484575325000,80
1484575340000,79
1484575355000,80
1484575360000,79
1484575370000,78
1484575385000,78
1484575390000,79
1484575405000,77
1484575410000,76
1484575415000,77
1484575430000,77
1484575445000,77
1484575460000,92
1484575475000,92
1484575480000,91
1484575490000,92
1484575500000,92
1484575515000,92
1484575520000,90
1484575530000,86
1484575540000,80
1484575545000,80
1484575555000,79
1484575570000,79
1484575580000,79
1484575595000,79
1484575605000,79
1484575610000,78
1484575615000,78
1484575620000,78
1484575630000,79
1484575645000,80
1484575660000,79
1484575675000,79
1484575690000,79
1484575695000,78
1484575710000,77
1484575725000,77
1484575740000,76
1484575745000,75
1484575760000,74
1484575765000,75
1484575780000,75
1484575795000,75
1484575800000,73
1484575815000,73
1484575825000,72
1484575840000,72
1484575850000,73
1484575860000,74
1484575875000,74
1484575880000,73
1484575895000,74
1484575910000,77
1484575920000,78
1484575925000,78
1484575930000,79
1484575935000,80
1484575940000,81
1484575945000,88
1484575955000,87
1484575970000,87
1484575975000,87
1484575980000,87
1484575985000,86
1484576000000,86
1484576015000,86
1484576030000,86
1484576045000,87
1484576055000,86
1484576070000,86
1484576085000,86
1484576100000,86
1484576105000,84
1484576110000,86
1484576125000,87
1484576140000,87
1484576155000,87
1484576160000,84
1484576170000,82
1484576185000,82
1484576195000,81
1484576200000,81
1484576215000,81
1484576220000,83
1484576230000,83
1484576240000,81
1484576250000,80
1484576260000,81
1484576265000,81
1484576280000,81
1484576290000,80
1484576300000,83
1484576310000,79
1484576320000,82
1484576330000,75
1484576340000,78
1484576355000,78
1484576360000,81
1484576370000,79
1484576380000,80
1484576395000,80
1484576400000,81
1484576410000,82
1484576420000,82
1484576435000,82
1484576450000,82
1484576465000,82
1484576480000,82
1484576485000,82
1484576490000,82
1484576500000,78
1484576505000,78
1484576520000,78
1484576535000,78
1484576550000,78
1484576560000,77
1484576575000,77
1484576580000,74
1484576585000,71
1484576590000,70
1484576595000,70
1484576600000,70
1484576610000,75
1484576620000,73
1484576635000,73
1484576650000,74
1484576655000,74
1484576660000,77
1484576665000,78
1484576675000,78
1484576685000,78
1484576690000,77
1484576695000,76
1484576710000,76
1484576725000,76
1484576730000,75
1484576740000,73
1484576750000,78
1484576765000,78
1484576780000,78
1484576795000,78
1484576810000,74
1484576820000,72
1484576830000,71
1484576845000,71
1484576850000,72
1484576860000,73
1484576865000,74
1484576880000,75
1484576890000,76
1484576895000,77
1484576900000,79
1484576905000,81
1484576910000,80
1484576920000,79
1484576925000,80
1484576930000,82
1484576935000,83
1484576945000,85
1484576950000,90
1484576955000,92
1484576960000,93
1484576965000,93
1484576980000,94
1484576985000,97
1484576995000,98
1484577010000,99
1484577020000,101
1484577025000,100
1484577030000,99
1484577035000,100
1484577045000,101
1484577050000,100
1484577055000,102
1484577065000,104
1484577070000,105
1484577075000,106
1484577080000,107
1484577085000,108
1484577100000,108
1484577105000,109
1484577115000,94
1484577120000,95
1484577130000,94
1484577140000,93
1484577155000,93
1484577170000,93
1484577175000,94
1484577180000,96
1484577195000,96
1484577205000,92
1484577210000,88
1484577220000,67
1484577225000,66
1484577240000,66
1484577255000,66
1484577260000,67
1484577270000,65
1484577280000,66
1484577295000,66
1484577305000,70
1484577320000,68
1484577330000,67
1484577340000,68
1484577355000,68
1484577360000,67
1484577370000,67
1484577375000,68
1484577385000,70
1484577400000,73
1484577410000,74
1484577415000,73
1484577425000,72
1484577430000,72
1484577445000,69
1484577460000,71
1484577465000,73
1484577470000,70
1484577475000,68
1484577480000,66
1484577485000,65
1484577500000,65
1484577510000,66
1484577515000,65
1484577530000,65
1484577540000,66
1484577555000,66
1484577560000,67
1484577570000,66
1484577575000,66
1484577590000,66
1484577605000,66
1484577620000,67
1484577625000,66
1484577630000,65
1484577645000,65
1484577650000,64
1484577660000,65
1484577675000,65
1484577690000,65
1484577700000,66
1484577710000,65
1484577720000,62
1484577735000,62
1484577740000,63
1484577755000,64
1484577770000,64
1484577780000,66
1484577790000,70
1484577800000,71
1484577805000,69
1484577810000,66
1484577815000,66
1484577820000,65
1484577830000,64
1484577840000,67
1484577855000,67
1484577860000,66
1484577865000,67
1484577880000,69
1484577885000,69
1484577890000,69
1484577900000,70
1484577910000,69
1484577925000,69
1484577930000,68
1484577940000,68
1484577950000,71
1484577960000,70
1484577975000,70
1484577990000,69
1484577995000,71
1484578010000,74
1484578025000,74
1484578040000,74
1484578045000,73
1484578060000,73
1484578075000,73
1484578090000,73
1484578105000,73
1484578110000,74
1484578120000,73
1484578135000,73
1484578140000,73
1484578150000,72
1484578160000,70
1484578170000,70
1484578185000,70
1484578190000,69
1484578200000,70
1484578215000,70
1484578220000,72
1484578230000,71
1484578235000,70
1484578240000,72
1484578250000,71
1484578265000,71
1484578280000,71
1484578295000,71
1484578300000,68
1484578305000,68
1484578310000,66
1484578315000,64
1484578330000,69
1484578340000,70
1484578355000,70
1484578360000,71
1484578375000,71
1484578380000,72
1484578385000,74
1484578390000,75
1484578395000,76
1484578400000,77
1484578415000,78
1484578420000,79
1484578435000,80
1484578445000,79
1484578450000,77
1484578465000,75
1484578475000,77
1484578480000,79
1484578485000,81
1484578490000,82
1484578495000,86
1484578500000,87
1484578505000,89
1484578510000,93
1484578515000,97
1484578520000,97
1484578525000,99
1484578535000,100
1484578540000,101
1484578555000,100
1484578570000,100
1484578580000,99
1484578585000,100
1484578590000,102
1484578595000,105
1484578600000,106
1484578605000,108
1484578610000,105
1484578615000,107
1484578630000,107
1484578645000,107
1484578655000,108
1484578665000,111
1484578680000,107
1484578685000,108
1484578690000,108
1484578695000,109
1484578700000,112
1484578705000,113
1484578720000,113
1484578730000,112
1484578735000,113
1484578750000,113
1484578755000,112
1484578760000,113
1484578775000,110
1484578780000,104
1484578785000,93
1484578790000,91
1484578795000,89
1484578810000,89
1484578820000,89
1484578830000,88
1484578845000,90
1484578860000,90
1484578875000,89
1484578890000,88
1484578905000,87
1484578910000,88
1484578925000,88
1484578940000,87
1484578950000,87
1484578965000,87
1484578980000,87
1484578985000,86
1484579000000,86
1484579010000,86
1484579020000,82
1484579030000,80
1484579045000,80
1484579060000,81
1484579070000,80
1484579085000,80
1484579100000,79
1484579105000,79
1484579115000,80
1484579125000,82
1484579130000,84
1484579135000,85
1484579150000,85
1484579165000,83
1484579180000,81
1484579185000,80
1484579200000,81
1484579215000,81
1484579230000,81
1484579245000,78
1484579250000,76
1484579260000,75
1484579275000,75
1484579280000,73
1484579295000,73
1484579310000,74
1484579320000,75
1484579330000,76
1484579340000,75
1484579355000,75
1484579370000,75
1484579385000,75
1484579390000,78
1484579405000,78
1484579420000,78
1484579435000,79
1484579450000,80
1484579460000,81
1484579465000,82
1484579475000,82
1484579480000,84
1484579485000,85
1484579490000,85
1484579505000,85
1484579510000,84
1484579525000,84
1484579535000,84
1484579540000,82
1484579545000,81
1484579550000,76
1484579555000,74
1484579560000,73
1484579565000,73
1484579575000,74
1484579580000,72
1484579595000,72
1484579600000,72
1484579615000,72
1484579620000,77
1484579630000,76
1484579645000,76
1484579650000,80
1484579660000,80
1484579670000,78
1484579680000,71
1484579690000,72
1484579700000,78
1484579710000,76
1484579725000,76
1484579740000,76
1484579750000,76
1484579765000,76
1484579770000,77
1484579785000,77
1484579800000,77
1484579805000,77
1484579810000,78
1484579825000,78
1484579835000,79
1484579850000,79
1484579860000,77
1484579870000,78
1484579885000,78
1484579900000,78
1484579910000,77
1484579925000,77
1484579940000,77
1484579945000,79
1484579960000,79
1484579970000,78
1484579980000,76
1484579995000,76
1484580010000,77
1484580025000,77
1484580035000,76
1484580050000,76
1484580065000,76
1484580080000,76
1484580095000,77
1484580110000,77
1484580125000,77
1484580140000,77
1484580150000,75
1484580160000,70
1484580165000,69
1484580170000,69
1484580180000,70
1484580195000,71
1484580205000,72
1484580220000,72
1484580230000,73
1484580235000,74
1484580250000,74
1484580265000,74
1484580280000,74
1484580295000,74
1484580310000,74
1484580325000,74
1484580340000,74
1484580345000,73
1484580360000,73
1484580375000,74
1484580380000,75
1484580385000,76
1484580390000,76
1484580395000,81
1484580400000,86
1484580405000,87
1484580410000,88
1484580415000,88
1484580425000,90
1484580430000,92
1484580435000,93
1484580450000,93
1484580455000,93
1484580470000,93
1484580485000,93
1484580490000,90
1484580500000,89
1484580515000,89
1484580525000,88
1484580530000,87
1484580545000,87
1484580560000,87
1484580575000,87
1484580590000,88
1484580595000,90
1484580600000,93
1484580605000,95
1484580610000,97
1484580615000,98
1484580620000,100
1484580625000,99
1484580630000,97
1484580640000,96
1484580645000,75
1484580650000,73
1484580655000,72
1484580660000,74
1484580665000,73
1484580670000,74
1484580685000,74
1484580690000,73
1484580700000,73
1484580710000,74
1484580720000,76
1484580725000,78
1484580730000,80
1484580735000,82
1484580740000,87
1484580745000,89
1484580750000,91
1484580755000,96
1484580760000,101
1484580765000,104
1484580770000,106
1484580780000,107
1484580785000,106
1484580795000,108
1484580800000,109
1484580805000,112
1484580815000,110
1484580820000,110
1484580830000,109
1484580835000,108
1484580840000,104
1484580845000,87
1484580860000,87
1484580875000,87
1484580890000,87
1484580895000,86
1484580900000,84
1484580905000,84
1484580920000,84
1484580925000,70
1484580930000,67
1484580940000,68
1484580945000,68
1484580950000,69
1484580965000,69
1484580975000,68
1484580980000,69
1484580990000,69
1484580995000,71
1484581005000,73
1484581015000,75
1484581020000,75
1484581035000,75
1484581050000,75
1484581065000,74
1484581080000,74
1484581085000,73
1484581100000,73
1484581115000,74
1484581125000,75
1484581140000,75
1484581145000,76
1484581150000,77
1484581160000,77
1484581170000,74
1484581180000,73
1484581195000,73
1484581210000,73
1484581220000,73
1484581230000,74
1484581240000,74
1484581255000,74
1484581265000,75
1484581270000,76
1484581285000,80
1484581290000,83
1484581295000,86
1484581305000,88
1484581310000,88
1484581320000,89
1484581330000,91
1484581335000,92
1484581340000,94
1484581345000,97
1484581350000,98
1484581355000,99
1484581370000,99
1484581375000,100
1484581390000,100
1484581395000,100
1484581400000,100
1484581415000,100
1484581430000,100
1484581445000,100
1484581450000,102
1484581455000,103
1484581460000,105
1484581465000,106
1484581470000,107
1484581475000,105
1484581480000,101
1484581485000,99
1484581490000,100
1484581495000,96
1484581500000,93
1484581505000,93
1484581520000,90
1484581535000,88
1484581540000,71
1484581555000,71
1484581560000,72
1484581570000,71
1484581575000,71
1484581580000,71
1484581585000,71
1484581600000,71
1484581615000,71
1484581630000,71
1484581645000,71
1484581650000,72
1484581660000,74
1484581665000,73
1484581670000,72
1484581680000,70
1484581690000,68
1484581705000,68
1484581710000,68
1484581715000,69
1484581720000,70
1484581725000,71
1484581730000,72
1484581735000,73
1484581740000,77
1484581750000,81
1484581755000,82
1484581770000,83
1484581775000,84
1484581790000,84
1484581805000,84
1484581815000,85
1484581820000,87
1484581830000,89
1484581845000,89
1484581860000,89
1484581875000,89
1484581885000,87
1484581895000,89
1484581900000,91
1484581905000,92
1484581915000,93
1484581920000,91
1484581935000,91
1484581950000,91
1484581960000,90
1484581970000,89
1484581975000,88
1484581980000,86
1484581985000,86
1484582000000,86
1484582010000,85
1484582015000,83
1484582020000,83
1484582030000,80
1484582035000,78
1484582050000,78
1484582060000,79
1484582070000,76
1484582080000,76
1484582095000,76
1484582100000,75
1484582115000,75
1484582120000,74
1484582130000,75
1484582135000,74
1484582150000,74
1484582165000,74
1484582180000,74
1484582195000,75
1484582210000,75
1484582220000,74
1484582230000,75
1484582245000,75
1484582250000,71
1484582265000,71
1484582270000,73
1484582285000,73
1484582290000,73
1484582305000,73
1484582315000,71
1484582330000,72
1484582340000,74
1484582350000,73
1484582365000,73
1484582380000,73
1484582390000,71
1484582400000,72
1484582405000,71
1484582420000,70
1484582430000,69
1484582435000,69
1484582450000,69
1484582465000,69
1484582470000,70
1484582480000,71
1484582495000,71
1484582510000,69
1484582525000,69
1484582540000,68
1484582550000,69
1484582555000,70
1484582560000,75
1484582570000,76
1484582580000,77
1484582590000,76
1484582600000,74
1484582610000,72
1484582620000,71
1484582635000,71
1484582650000,71
1484582660000,71
1484582675000,71
1484582680000,72
1484582695000,71
1484582710000,72
1484582725000,72
1484582740000,83
1484582755000,83
1484582760000,82
1484582765000,82
1484582780000,82
1484582785000,75
1484582790000,75
1484582805000,75
1484582820000,75
1484582830000,76
1484582845000,76
1484582850000,76
1484582860000,76
1484582875000,76
1484582890000,76
1484582905000,76
1484582915000,77
1484582930000,77
1484582940000,78
1484582955000,78
1484582970000,78
1484582985000,77
1484583000000,73
1484583005000,73
1484583020000,73
1484583030000,77
1484583045000,77
1484583050000,75
1484583060000,73
1484583070000,72
1484583080000,70
1484583095000,70
1484583100000,71
1484583105000,70
1484583120000,72
1484583125000,71
1484583140000,72
1484583150000,68
1484583155000,67
1484583160000,67
1484583165000,68
1484583180000,68
1484583195000,68
1484583205000,69
1484583215000,70
1484583230000,72
1484583245000,72
1484583250000,71
1484583260000,73
1484583270000,75
1484583280000,72
1484583290000,71
1484583305000,71
1484583310000,69
1484583315000,69
1484583330000,69
1484583340000,70
1484583355000,70
1484583360000,75
1484583365000,74
1484583380000,74
1484583395000,74
1484583400000,74
1484583415000,74
1484583420000,73
1484583430000,68
1484583435000,69
1484583450000,69
1484583465000,69
1484583470000,68
1484583485000,68
1484583500000,69
1484583505000,70
1484583520000,70
1484583530000,72
1484583540000,73
1484583550000,73
1484583560000,70
1484583570000,69
1484583580000,71
1484583595000,71
1484583600000,70
1484583605000,70
1484583610000,70
1484583620000,70
1484583630000,74
1484583635000,74
1484583650000,74
1484583655000,75
1484583670000,76
1484583685000,75
1484583695000,73
1484583710000,73
1484583715000,73
1484583730000,73
1484583740000,70
1484583750000,70
1484583755000,69
1484583770000,69
1484583785000,69
1484583790000,71
1484583800000,72
1484583805000,73
1484583815000,74
1484583830000,74
1484583845000,74
1484583860000,74
1484583870000,73
1484583880000,73
1484583895000,72
1484583910000,72
1484583915000,73
1484583930000,73
1484583940000,80
1484583950000,79
1484583960000,77
1484583975000,77
1484583990000,76
1484584000000,78
1484584005000,79
1484584010000,79
1484584025000,79
1484584030000,80
1484584045000,80
1484584050000,71
1484584055000,71
1484584070000,71
1484584085000,70
1484584100000,69
1484584110000,68
1484584120000,71
1484584135000,71
1484584150000,69
1484584165000,69
1484584180000,69
1484584195000,69
1484584210000,69
1484584225000,69
1484584240000,69
1484584250000,70
1484584265000,70
1484584280000,70
1484584295000,70
1484584310000,69
1484584320000,74
1484584330000,75
1484584335000,75
1484584340000,72
1484584350000,69
1484584365000,70
1484584370000,74
1484584380000,76
1484584390000,75
1484584395000,74
1484584400000,73
1484584410000,73
1484584425000,73
1484584440000,73
1484584455000,73
1484584460000,69
1484584475000,69
1484584480000,68
1484584495000,68
1484584510000,67
1484584520000,67
1484584525000,68
1484584540000,68
1484584550000,68
1484584560000,67
1484584570000,66
1484584585000,66
1484584590000,67
1484584605000,67
1484584610000,66
1484584625000,66
1484584630000,67
1484584645000,67
1484584650000,68
1484584660000,68
1484584675000,68
1484584680000,68
1484584685000,69
1484584700000,68
1484584710000,68
1484584725000,68
1484584730000,69
1484584740000,70
1484584755000,70
1484584760000,77
1484584770000,74
1484584780000,74
1484584795000,74
1484584800000,73
1484584810000,75
1484584825000,75
1484584830000,73
1484584840000,74
1484584850000,73
1484584860000,71
1484584865000,71
1484584870000,72
1484584880000,70
1484584895000,70
1484584910000,70
1484584925000,71
1484584930000,71
1484584940000,70
1484584950000,70
1484584965000,70
1484584970000,68
1484584980000,66
1484584995000,66
1484585010000,67
1484585020000,70
1484585030000,72
1484585040000,70
1484585050000,68
1484585060000,69
1484585065000,68
1484585070000,68
1484585080000,67
1484585090000,69
1484585100000,68
1484585110000,73
1484585120000,72
1484585130000,68
1484585140000,65
1484585145000,65
1484585160000,67
1484585170000,69
1484585180000,70
1484585190000,70
1484585205000,70
1484585220000,70
1484585230000,70
1484585240000,69
1484585250000,71
1484585255000,71
1484585270000,70
1484585275000,71
1484585290000,71
1484585300000,71
1484585305000,73
1484585310000,76
1484585320000,77
1484585335000,77
1484585340000,72
1484585350000,70
1484585360000,68
1484585375000,68
1484585380000,72
1484585390000,73
1484585405000,73
1484585420000,73
1484585425000,73
1484585440000,73
1484585455000,73
1484585470000,73
1484585480000,68
1484585495000,68
1484585500000,69
1484585515000,69
1484585530000,69
1484585545000,69
1484585560000,70
1484585575000,70
1484585585000,71
1484585600000,72
1484585615000,72
1484585620000,73
1484585635000,73
1484585650000,73
1484585665000,73
1484585670000,72
1484585685000,72
1484585700000,72
1484585710000,70
1484585720000,70
1484585730000,69
1484585735000,69
1484585740000,68
1484585745000,68
1484585760000,68
1484585765000,68
1484585780000,68
1484585795000,68
1484585800000,69
1484585805000,70
1484585820000,70
1484585835000,70
1484585840000,71
1484585855000,73
1484585860000,76
1484585870000,77
1484585885000,78
1484585890000,81
1484585895000,82
1484585900000,85
1484585905000,88
1484585920000,88
1484585930000,89
1484585935000,90
1484585945000,91
1484585950000,92
1484585955000,93
1484585960000,96
1484585965000,98
1484585980000,100
1484585985000,101
1484585990000,102
1484586000000,102
1484586005000,100
1484586010000,83
1484586015000,82
1484586030000,82
1484586035000,81
1484586045000,81
1484586050000,83
1484586055000,85
1484586060000,88
1484586070000,91
1484586075000,93
1484586090000,94
1484586095000,98
1484586100000,99
1484586105000,100
1484586120000,100
1484586135000,100
1484586145000,98
1484586150000,99
1484586155000,100
1484586160000,104
1484586165000,108
1484586170000,108
1484586175000,110
1484586180000,109
1484586185000,111
1484586190000,112
1484586195000,113
1484586210000,113
1484586225000,113
1484586235000,112
1484586245000,113
1484586250000,114
1484586255000,115
1484586270000,117
1484586280000,116
1484586285000,111
1484586290000,109
1484586295000,108
1484586300000,106
1484586305000,107
1484586320000,107
1484586335000,108
1484586350000,105
1484586365000,105
1484586370000,102
1484586385000,102
1484586390000,100
1484586395000,97
1484586400000,97
1484586415000,97
1484586430000,95
1484586445000,93
1484586450000,91
1484586455000,89
1484586460000,88
1484586470000,87
1484586475000,88
1484586480000,89
1484586490000,88
1484586505000,89
1484586520000,89
1484586535000,89
1484586540000,90
1484586545000,89
1484586560000,89
1484586565000,89
1484586580000,89
1484586590000,81
1484586595000,78
1484586600000,77
1484586605000,78
1484586620000,79
1484586630000,77
1484586635000,76
1484586640000,75
1484586645000,75
1484586660000,76
1484586675000,76
1484586680000,77
1484586695000,77
1484586710000,77
1484586720000,78
1484586730000,77
1484586745000,76
1484586750000,77
1484586765000,77
1484586780000,78
1484586795000,78
1484586810000,78
1484586825000,81
1484586840000,82
1484586845000,80
1484586860000,80
1484586870000,79
1484586875000,77
1484586880000,76
1484586885000,74
1484586900000,74
1484586915000,74
1484586930000,74
1484586945000,74
1484586960000,74
1484586965000,75
1484586980000,75
1484586995000,75
1484587010000,75
1484587025000,75
1484587035000,75
1484587040000,75
1484587050000,74
1484587065000,75
1484587080000,75
1484587095000,75
1484587110000,75
1484587120000,74
1484587135000,74
1484587140000,75
1484587150000,75
1484587165000,76
1484587170000,77
1484587185000,77
1484587190000,77
1484587195000,76
1484587200000,75
1484587205000,74
1484587210000,73
1484587220000,70
1484587230000,71
1484587245000,71
1484587250000,68
1484587260000,64
1484587270000,67
1484587285000,67
1484587290000,69
1484587305000,69
1484587320000,68
1484587335000,68
1484587340000,70
1484587350000,74
1484587360000,76
1484587365000,77
1484587370000,76
1484587385000,76
1484587390000,76
1484587395000,77
1484587400000,79
1484587405000,80
1484587410000,81
1484587420000,80
1484587425000,78
1484587440000,78
1484587445000,77
1484587450000,76
1484587465000,76
1484587475000,77
1484587490000,77
1484587495000,77
1484587505000,78
1484587510000,79
1484587525000,79
1484587540000,79
1484587545000,80
1484587560000,80
1484587575000,80
1484587590000,80
1484587600000,79
1484587615000,79
1484587620000,78
1484587630000,75
1484587640000,76
1484587655000,76
1484587660000,77
1484587665000,75
1484587680000,75
1484587695000,75
1484587710000,76
1484587725000,77
1484587740000,77
1484587750000,78
1484587760000,79
1484587775000,80
1484587790000,80
1484587800000,78
1484587805000,78
1484587820000,78
1484587835000,78
1484587840000,79
1484587845000,80
1484587855000,81
1484587860000,82
1484587875000,85
1484587880000,86
1484587895000,87
1484587900000,89
1484587905000,90
1484587910000,91
1484587925000,91
1484587935000,91
1484587940000,89
1484587945000,87
1484587950000,88
1484587955000,90
1484587960000,91
1484587975000,91
1484587980000,93
1484587985000,94
1484587990000,95
1484587995000,96
1484588000000,98
1484588015000,98
1484588020000,99
1484588025000,101
1484588030000,102
1484588040000,103
1484588055000,103
1484588065000,109
1484588070000,108
1484588075000,110
1484588090000,110
1484588105000,110
1484588115000,111
1484588120000,112
1484588135000,114
1484588140000,116
1484588150000,117
1484588155000,118
1484588160000,120
1484588165000,121
1484588170000,120
1484588180000,122
1484588185000,123
1484588200000,123
1484588205000,125
1484588215000,126
1484588220000,124
1484588230000,123
1484588235000,121
1484588240000,123
1484588245000,125
1484588255000,126
1484588260000,125
1484588265000,126
1484588270000,125
1484588280000,126
1484588295000,123
1484588300000,121
1484588305000,122
1484588315000,121
1484588330000,121
1484588345000,121
1484588360000,121
1484588365000,119
1484588370000,117
1484588385000,119
1484588390000,120
1484588400000,121
1484588405000,122
1484588410000,120
1484588415000,117
1484588420000,114
1484588425000,111
1484588430000,112
1484588440000,111
1484588445000,112
1484588450000,113
1484588455000,115
1484588460000,116
1484588465000,116
1484588480000,117
1484588495000,119
1484588500000,120
1484588505000,121
1484588515000,117
1484588520000,115
1484588525000,114
1484588530000,113
1484588535000,112
1484588540000,112
1484588550000,111
1484588555000,113
1484588560000,114
1484588575000,114
1484588590000,113
1484588600000,112
1484588605000,113
1484588610000,112
1484588615000,111
1484588620000,109
1484588630000,110
1484588640000,107
1484588650000,108
1484588655000,108
1484588660000,111
1484588665000,112
1484588670000,113
1484588680000,114
1484588685000,112
1484588690000,109
1484588700000,110
1484588705000,109
1484588710000,105
1484588715000,100
1484588720000,98
1484588735000,98
1484588740000,99
1484588745000,100
1484588760000,102
1484588770000,107
1484588775000,106
1484588780000,107
1484588790000,108
1484588795000,109
1484588800000,110
1484588815000,110
1484588830000,110
1484588840000,112
1484588855000,112
1484588865000,113
1484588870000,115
1484588875000,116
1484588890000,116
1484588905000,116
1484588910000,117
1484588920000,116
1484588935000,116
1484588940000,117
1484588955000,120
1484588960000,121
1484588965000,120
1484588970000,117
1484588975000,115
1484588980000,116
1484588990000,117
1484588995000,115
1484589000000,116
1484589015000,116
1484589020000,115
1484589035000,115
1484589050000,115
1484589060000,116
1484589075000,116
1484589080000,115
1484589095000,114
1484589100000,113
1484589105000,112
1484589110000,113
1484589115000,114
1484589130000,114
1484589135000,113
1484589150000,113
1484589155000,114
1484589160000,114
1484589165000,113
1484589180000,112
1484589185000,112
1484589200000,111
1484589210000,108
1484589220000,90
1484589230000,84
1484589235000,83
1484589250000,83
1484589260000,80
1484589265000,79
1484589270000,78
1484589275000,75
1484589290000,75
1484589305000,75
1484589310000,73
1484589320000,72
1484589330000,73
1484589335000,73
1484589345000,74
1484589350000,73
1484589355000,74
1484589360000,75
1484589365000,76
1484589375000,77
1484589380000,78
1484589395000,78
1484589410000,78
1484589420000,79
1484589435000,79
1484589440000,80
1484589445000,81
1484589460000,81
1484589475000,81
1484589490000,81
1484589505000,81
1484589510000,83
1484589520000,81
1484589535000,81
1484589545000,82
1484589550000,83
1484589560000,82
1484589570000,83
1484589580000,82
1484589585000,82
1484589590000,84
1484589595000,85
1484589600000,85
1484589615000,85
1484589630000,85
1484589645000,85
1484589650000,84
1484589665000,84
1484589680000,84
1484589695000,84
1484589710000,85
1484589725000,85
1484589730000,86
1484589740000,82
1484589750000,81
1484589760000,82
1484589770000,81
1484589775000,80
1484589780000,78
1484589790000,79
1484589805000,79
1484589810000,81
1484589815000,82
1484589830000,82
1484589835000,83
1484589840000,87
1484589845000,89
1484589850000,90
1484589865000,90
1484589880000,89
1484589890000,89
1484589895000,89
1484589910000,89
1484589915000,88
1484589930000,89
1484589935000,90
1484589950000,91
1484589955000,90
1484589970000,90
1484589985000,90
1484589990000,91
1484590000000,92
1484590015000,92
1484590030000,92
1484590045000,92
1484590050000,89
1484590055000,88
1484590070000,88
1484590080000,87
1484590085000,87
1484590090000,87
1484590105000,87
1484590120000,89
1484590135000,89
1484590140000,90
1484590155000,90
1484590160000,91
1484590175000,91
1484590185000,92
1484590200000,92
1484590210000,91
1484590220000,90
1484590230000,91
1484590235000,90
1484590245000,90
1484590260000,90
1484590265000,92
1484590270000,93
1484590275000,92
1484590290000,92
1484590300000,93
1484590315000,94
1484590325000,95
1484590330000,97
1484590345000,97
1484590360000,97
1484590370000,96
1484590375000,97
1484590390000,97
1484590405000,96
1484590420000,96
1484590425000,95
1484590435000,93
1484590440000,89
1484590455000,89
1484590470000,89
1484590480000,90
1484590490000,90
1484590505000,90
1484590510000,88
1484590525000,88
1484590535000,89
1484590550000,88
1484590560000,74
1484590570000,72
1484590580000,71
1484590590000,69
1484590595000,69
1484590610000,69
1484590625000,69
1484590630000,63
1484590640000,64
1484590655000,64
1484590660000,63
1484590675000,64
1484590680000,63
1484590690000,60